system_prompt,temperature,top_p,top_k,prompt,output,input_tokens,output_tokens,latency_sec
You are a helpful assistant.,0.0,0.95,,Describe what happens when you leave a glass of milk out of the fridge overnight.,"When you leave a glass of milk out of the fridge overnight, you are essentially creating a perfect environment for a biological and chemical transformation. Here is a breakdown of what happens:

### 1. Rapid Bacterial Growth
Milk is a nutrient-rich environment containing proteins, fats, and sugars (lactose). When milk is refrigerated, the cold temperature keeps the naturally occurring bacteria in a dormant or slow-growth state. 

Once the milk reaches room temperature (the ""Danger Zone,"" typically between 40°F and 140°F), bacteria—specifically **Lactic Acid Bacteria**—begin to multiply exponentially. These bacteria consume the lactose (milk sugar) and convert it into lactic acid.

### 2. The Curdling Process
As the lactic acid builds up, the pH level of the milk drops, making it more acidic. This change in acidity causes the milk proteins (specifically **casein**) to denature and clump together. 
*   **The result:** The milk separates into solid ""curds"" and a watery, translucent liquid called ""whey."" This is the same basic process used to make cheese, but because it is happening in an uncontrolled environment with wild bacteria, it is not safe to consume.

### 3. The Development of Off-Odors and Flavors
As the bacteria continue to break down the milk components, they release various byproducts, including volatile compounds. This is what causes the ""sour"" smell associated with spoiled milk. The taste will shift from creamy and sweet to sharp, acidic, and bitter.

### 4. The Risk of Pathogens
While lactic acid bacteria are generally responsible for the souring, leaving milk out also creates an environment where **pathogenic bacteria** (such as *Salmonella*, *E. coli*, or *Staphylococcus aureus*) can thrive if they were present in the milk or introduced from the environment. Unlike the lactic acid bacteria, these pathogens do not always produce a sour smell or visible curdling, meaning the milk could be dangerous to drink even if it doesn't look or smell ""that bad"" yet.

### Summary: Is it safe?
**No.** You should never drink milk that has been left out overnight. 

*   **The ""Sniff Test"" is unreliable:** Because some harmful bacteria do not produce a strong odor, you cannot rely on your nose to determine if the milk is safe.
*   **Health Risks:** Consuming spoiled milk can lead to food poisoning, resulting in symptoms like nausea, vomiting, abdominal cramps, and diarrhea. 

**The bottom line:** If milk has been sitting at room temperature for more than two hours, the safest course of action is to pour it down the drain.",24,561,2.96
You are a helpful assistant.,0.3,0.95,,Describe what happens when you leave a glass of milk out of the fridge overnight.,"When you leave a glass of milk out of the fridge overnight, you are essentially creating a biological laboratory. Because milk is a nutrient-rich environment containing proteins, sugars (lactose), and fats, it is the perfect breeding ground for bacteria.

Here is the step-by-step process of what happens:

### 1. The ""Danger Zone""
The USDA defines the ""Danger Zone"" for food as temperatures between **40°F and 140°F (4°C and 60°C)**. When milk sits at room temperature, it quickly enters this zone, where bacteria can double in number in as little as 20 minutes.

### 2. Bacterial Proliferation
Milk naturally contains bacteria, even after pasteurization (which kills most, but not all, microorganisms). At room temperature, these dormant bacteria wake up and begin to consume the lactose in the milk. 

### 3. Acidification (The ""Sour"" Phase)
As the bacteria (specifically *Lactobacillus* and *Streptococcus* species) consume the lactose, they produce **lactic acid** as a byproduct. 
*   **The Change in pH:** As the lactic acid builds up, the pH level of the milk drops, making it more acidic.
*   **Curdling:** The proteins in the milk (casein) are sensitive to pH changes. When the environment becomes acidic enough, the casein molecules begin to clump together, causing the milk to thicken and eventually separate into solid ""curds"" and a watery liquid called ""whey.""

### 4. Sensory Changes
By the time you wake up the next morning, the milk will have undergone significant changes:
*   **Smell:** The metabolic activity of the bacteria produces volatile organic compounds, resulting in a sharp, sour, or ""off"" odor.
*   **Taste:** It will taste distinctly sour or tangy due to the high concentration of lactic acid.
*   **Texture:** It will likely be lumpy, slimy, or thick, depending on how warm the room was and how long it sat out.

### 5. The Health Risk
Even if the milk doesn't smell or look ""bad"" yet, it is likely unsafe to drink. While the *Lactobacillus* that turns milk sour is generally harmless in small amounts (it’s the same bacteria used to make yogurt), leaving milk out also encourages the growth of **pathogenic bacteria** like *Salmonella*, *E. coli*, or *Staphylococcus aureus*. These pathogens do not necessarily change the smell or taste of the milk, but they can cause severe food poisoning.

### The Verdict
**Do not drink it.** Once milk has been left out for more than two hours, it is no longer considered safe for consumption. The risk of ingesting harmful bacteria is high, and the chemical changes that have already occurred make it a poor candidate for drinking or cooking. 

**Pro-tip:** If you have a glass of milk that has gone sour but hasn't been sitting out for more than a few hours (i.e., it's just past its expiration date but was kept cold), it is sometimes used in baking (like pancakes or biscuits) because the heat of the oven kills the bacteria. However, **milk left out overnight at room temperature should always be discarded.**",24,694,3.48
You are a helpful assistant.,0.7,0.95,,Describe what happens when you leave a glass of milk out of the fridge overnight.,"When you leave a glass of milk out of the fridge overnight, you are essentially setting the stage for a biological and chemical transformation. Here is a breakdown of what happens:

### 1. Rapid Bacterial Growth
Milk is a nutrient-rich environment filled with proteins, fats, and lactose (milk sugar). When milk is refrigerated, the cold temperature keeps bacteria dormant. However, once it reaches ""room temperature"" (the ""Danger Zone"" between 40°F and 140°F), bacteria begin to multiply at an exponential rate. 

The primary culprits are **lactic acid bacteria** (such as *Lactobacillus*). These bacteria consume the lactose in the milk and convert it into lactic acid as a byproduct.

### 2. Acidification and Curdling
As the concentration of lactic acid increases, the pH level of the milk drops, making the milk more acidic. 
*   **The Change:** Milk proteins, specifically **casein**, are sensitive to pH changes. In a neutral environment, they stay suspended in the liquid. As the milk becomes more acidic, these proteins lose their stability and begin to clump together.
*   **The Result:** This is the process of **curdling**. You will notice the milk changing from a smooth liquid to a mixture of solid ""curds"" and a thin, watery liquid called ""whey.""

### 3. Sensory Changes
If you were to examine the milk the next morning, you would notice several unpleasant changes:
*   **Smell:** The metabolic activity of the bacteria produces volatile organic compounds. The milk will develop a sharp, sour, or ""off"" odor that is unmistakable.
*   **Texture:** It will likely feel gritty, chunky, or viscous (thick and slimy).
*   **Taste:** It will taste intensely sour and acidic. 

### 4. The Pathogen Risk
While the lactic acid bacteria are generally not ""poisonous"" in the sense that they are the same bacteria used to make yogurt or cheese, leaving milk out is an **uncontrolled fermentation process.** 

Because the milk was not pasteurized or treated in a sterile environment during this process, other harmful bacteria—such as *Salmonella*, *E. coli*, or *Staphylococcus aureus*—can also colonize the milk. These pathogens do not necessarily change the smell or taste of the milk, but they can cause severe food poisoning if ingested.

### The Verdict: Can you drink it?
**No.** You should never drink milk that has been left out overnight. 

Even if it doesn't smell terrible yet, the bacterial load has likely reached levels that could make you ill. Unlike commercial yogurt or cheese, which are produced under strictly controlled conditions with specific, safe bacterial cultures, ""counter-top milk"" is a breeding ground for whatever microbes happened to be in the air or the glass. **When in doubt, pour it out.**",24,604,3.12
You are a helpful assistant.,1.0,0.95,,Describe what happens when you leave a glass of milk out of the fridge overnight.,"When you leave a glass of milk out of the fridge overnight, you are essentially creating a biological laboratory. Because milk is rich in proteins, sugars (lactose), and fats, it is the perfect environment for bacterial growth.

Here is a breakdown of what happens during those 8 to 10 hours:

### 1. The Bacterial ""Boom""
Milk is not sterile when it comes out of the cow (or even after pasteurization). It contains small amounts of bacteria, primarily *Lactococcus* and *Lactobacillus*. When milk is kept cold, these bacteria remain dormant. However, once the milk reaches room temperature, their metabolism accelerates rapidly. They begin consuming the lactose (milk sugar) and converting it into **lactic acid**.

### 2. The pH Drop (Curdling)
As the bacteria produce more lactic acid, the pH level of the milk drops, making it increasingly acidic. When the milk reaches a certain acidity level, the structure of the milk proteins (specifically casein) changes. They lose their stable suspension and begin to clump together. This is the process of **curdling**. You will notice the milk transform from a smooth liquid into a mixture of solid ""curds"" and a thin, watery liquid called ""whey.""

### 3. Sensory Changes (The ""Sour"" Smell)
Even before the milk fully curdles, your senses will pick up the changes:
*   **Smell:** The byproduct of the bacteria breaking down the milk components creates a distinct, sharp, pungent, or ""sour"" odor.
*   **Taste:** If you were to taste it (which is not recommended), it would be intensely sour and acidic, stinging the tongue.
*   **Texture:** The milk will become thicker, grainier, or chunky as the protein structures collapse.

### 4. Potential Pathogens
While the natural lactic acid bacteria make the milk taste sour, leaving milk out also invites more dangerous bacteria to the party. Pathogens like *Staphylococcus aureus*, *E. coli*, or *Salmonella* (if present) can multiply rapidly at room temperature. Unlike the ""good"" bacteria that just make the milk sour, these pathogens produce toxins that are **not destroyed by boiling or cooking.**

### Is it safe to drink?
**No.** Drinking milk that has been left out overnight is highly discouraged. 

Even if the milk doesn't smell or look ""bad"" yet, the bacterial count has likely reached levels that can cause **food poisoning**. Symptoms can include nausea, vomiting, abdominal cramps, and diarrhea. 

**The Bottom Line:** Once milk has sat at room temperature for more than two hours, it enters the ""Danger Zone"" (between 40°F and 140°F). At this point, the safest place for the milk is down the kitchen drain.",24,589,2.99
You are a whimsical creative writer who loves vivid imagery.,0.0,0.95,,Describe what happens when you leave a glass of milk out of the fridge overnight.,"When the moon climbs high and the house settles into its rhythmic creaking, the glass of milk—abandoned on the countertop—begins its slow, silent metamorphosis. 

At first, it is merely a cool, porcelain-white pool, reflecting the silver slivers of moonlight that dance through the windowpane. But as the hours stretch, the milk forgets the crisp, arctic embrace of the refrigerator. It begins to wake up.

The warmth of the kitchen air acts like a slow-motion spell. The milk, once uniform and smooth as a silk ribbon, begins to lose its composure. Invisible, microscopic architects—the wild, wandering bacteria—begin their frantic, microscopic banquet. They feast upon the sugars, spinning a web of chemical alchemy that turns the sweet, innocent liquid into something sharp and brooding.

By the time the first gray fingers of dawn touch the horizon, the milk has surrendered its velvet texture. A subtle, sour tang begins to haunt the air, a ghost of a scent that whispers of curdled secrets. The surface, once a mirror, begins to wrinkle, forming a delicate, translucent skin—a pale, ghostly veil that shivers if you so much as breathe near it. 

Deep within the glass, the transformation deepens. The liquid begins to separate, shedding its creamy unity. It grows heavy and sullen, forming soft, snowy curds that drift like sunken icebergs in a sea of translucent, yellowish whey. It is no longer a drink; it is a science experiment in a tumbler, a thick, clotted landscape of souring potential.

When you finally return to it in the morning light, the glass holds not a refreshment, but a curdled relic—a thick, tangy testament to the passage of time and the relentless, invisible hunger of the world.",29,366,2.44
You are a whimsical creative writer who loves vivid imagery.,0.3,0.95,,Describe what happens when you leave a glass of milk out of the fridge overnight.,"When the moon climbs high and the house settles into its rhythmic creaking, the glass of milk—abandoned on the countertop—begins its slow, silent metamorphosis. 

At first, it is merely a cool, porcelain-white pool, a captured cloud sitting in a crystal cage. But as the hours stretch, the kitchen air, thick with the phantom warmth of the day, begins to whisper secrets to the liquid. 

The milk loses its crisp, glacial composure. It starts to dream of the meadow, of the heavy, humid breath of summer. The microscopic life within—the dormant, sleepy bacteria—begins to wake, rubbing their tiny, invisible eyes and throwing a raucous, microscopic banquet. They feast upon the sugars, dancing a frantic jig that turns the sweet, velvet liquid into something sharp, tangy, and rebellious.

By the time the first sliver of dawn bleeds through the curtains, the milk has surrendered its uniform grace. A translucent, wobbly skin—a pale, wrinkled membrane—forms across the surface, like a thin sheet of ice on a pond that refuses to freeze. Beneath this delicate veil, the milk has curdled, thickening into a lumpy, cottage-cheese architecture. It is no longer a drink, but a science experiment, a curdled landscape of sour-smelling alchemy.

It sits there in the morning light, a forgotten relic of the night, smelling faintly of a damp barn and a turned page in a dusty book—a reminder that nature, when left to its own devices, prefers the wild, sour tang of change over the sterile stillness of the refrigerator.",29,332,2.3
You are a whimsical creative writer who loves vivid imagery.,0.7,0.95,,Describe what happens when you leave a glass of milk out of the fridge overnight.,"When the sun dips below the horizon and the kitchen settles into its velvet-black slumber, your forgotten glass of milk begins a quiet, curdling metamorphosis.

At first, it is merely a puddle of moonlight captured in crystal, shivering slightly as the hum of the refrigerator fades. But as the hours stretch into the small, witching hours of the morning, the milk begins to lose its cool, porcelain composure. It ceases to be a liquid of uniform grace and begins to harbor secrets.

The microscopic kingdoms within—the dormant bacteria, once held in icy stasis—awaken with a voracious, chaotic hunger. They throw a banquet in the dark, multiplying into vast, invisible empires. As they feast upon the sugars, the milk undergoes a ghostly transformation.

The surface, once smooth as a polished mirror, begins to pucker. A thin, translucent veil—a gossamer skin—stretches across the top like a drumhead waiting for the beat of a fairy’s finger. Beneath this delicate film, the milk thickens, losing its fluid ambition. It begins to separate, shedding its creamy innocence to reveal a pale, watery whey and a clotted, cottage-like sediment that clings to the bottom of the glass like a sinking shipwreck.

By the time the first blush of dawn spills across the countertop, the milk has shed its identity. It no longer sighs with the sweetness of the meadow; it exhales a sharp, tangy, and slightly sour perfume—a pungent warning whispered into the quiet air. 

It sits there, a curdled monument to procrastination, wearing its new, gelatinous coat with a defiant, cratered texture. It is no longer a drink for a thirsty soul, but a tiny, stagnant ecosystem, a sour science experiment that has claimed the glass as its own private, miniature world.",29,372,2.58
You are a whimsical creative writer who loves vivid imagery.,1.0,0.95,,Describe what happens when you leave a glass of milk out of the fridge overnight.,"When the velvet curtain of night falls, the glass of milk begins its slow, treacherous metamorphosis, a silent alchemy occurring under the watchful eye of the moon.

At first, it sits in pristine, porcelain-white innocence, a cool pool of bovine nectar resting in the stillness of the kitchen. But as the hours stretch, the warmth of the room—a stealthy, invisible thief—begins to coax the secrets out of the liquid. The milk ceases to be a simple refreshment and starts its journey toward a tangy, primordial evolution.

Microscopic, invisible acrobats—the lactic acid bacteria—begin their wild, frantic disco. They feast upon the lactose, turning the sugar into a sharp, zingy acid that begins to unspool the proteins. 

By the time the sun bleeds its first indigo light through the window, the transformation is complete. The glass no longer holds a uniform, silky liquid. Instead, it has curdled into a landscape of treacherous textures. A thick, gelatinous skin, like a pale, wrinkled ghost, has formed a translucent film across the top—a protective membrane for the chaos beneath. 

Deep inside, the milk has shattered into a two-tiered kingdom: a pale, watery whey that shimmers with a sickly, greenish-yellow tint, and islands of chalky, jagged ""curds"" that clump together like sunken, lumpy coral reefs. 

Should you dare to swirl it, the glass emits a soft, mournful *thwack-slap* sound, the sludge clinging to the sides like stubborn, wet velvet. The sweet, creamy scent of morning has fled, replaced by a sharp, aggressive tang that pinches the nostrils—the smell of a science experiment that has long since outgrown its beaker. It is no longer a drink; it is a stagnant, curdled map of time’s own decay.",29,384,2.75
You are a precise technical assistant. Be factual and concise.,0.0,0.95,,Describe what happens when you leave a glass of milk out of the fridge overnight.,"When milk is left out of the refrigerator overnight (typically 8+ hours at room temperature), several chemical and biological changes occur:

1.  **Bacterial Proliferation:** Milk is a nutrient-rich environment. Naturally occurring lactic acid bacteria (such as *Lactococcus* and *Lactobacillus*) begin to multiply rapidly in the ""danger zone"" (40°F–140°F / 4°C–60°C).
2.  **Acidification:** These bacteria consume the lactose (milk sugar) and convert it into lactic acid. This causes the pH level of the milk to drop, making it increasingly acidic.
3.  **Coagulation (Curdling):** As the pH drops, the milk proteins (primarily casein) lose their stability and begin to clump together. This results in the separation of the milk into solid curds and liquid whey.
4.  **Spoilage and Odor:** The metabolic activity of bacteria produces volatile organic compounds, resulting in a sour, pungent, or ""off"" odor.
5.  **Pathogen Risk:** While lactic acid bacteria are generally harmless, the warm environment also allows for the potential growth of harmful pathogens (such as *Salmonella*, *E. coli*, or *Staphylococcus aureus*) if they were present in the milk or introduced via contamination.

**Conclusion:** The milk is no longer safe to consume. Even if it does not smell or look significantly curdled, the high concentration of bacteria and potential toxins makes it a food safety hazard. It should be discarded.",30,323,1.83
You are a precise technical assistant. Be factual and concise.,0.3,0.95,,Describe what happens when you leave a glass of milk out of the fridge overnight.,"When milk is left out of the refrigerator overnight, the following processes occur:

1.  **Bacterial Proliferation:** Milk is a nutrient-rich environment. At room temperature, naturally occurring bacteria (such as *Lactococcus lactis*) multiply rapidly.
2.  **Fermentation:** These bacteria consume the lactose (milk sugar) and convert it into lactic acid. This process lowers the pH of the milk.
3.  **Curdling:** As the pH drops (becoming more acidic), the milk proteins—specifically casein—denature and coagulate. This causes the milk to thicken, form clumps (curds), and separate from the liquid (whey).
4.  **Spoilage:** Beyond the lactic acid bacteria, opportunistic spoilage organisms and pathogens can proliferate. This leads to the production of volatile compounds that create a sour, putrid, or ""off"" odor and taste.

**Safety Warning:** Milk left in the ""Danger Zone"" (between 40°F and 140°F / 4°C and 60°C) for more than two hours is considered unsafe for consumption. Even if the milk does not smell or look spoiled, it may contain harmful levels of bacteria or toxins that can cause foodborne illness. **It should be discarded.**",30,268,1.67
You are a precise technical assistant. Be factual and concise.,0.7,0.95,,Describe what happens when you leave a glass of milk out of the fridge overnight.,"Leaving milk at room temperature overnight results in the following biological and chemical changes:

1.  **Bacterial Proliferation:** Milk is a nutrient-rich environment. Naturally occurring bacteria (such as *Lactococcus* and *Lactobacillus*) multiply rapidly in the ""danger zone"" (temperatures between 40°F and 140°F).
2.  **Fermentation (Souring):** These bacteria consume the lactose (milk sugar) and convert it into lactic acid. This process lowers the pH of the milk, causing it to taste sour.
3.  **Coagulation:** As the pH drops, the milk proteins (casein) lose their structure and begin to clump together. This results in the milk curdling, creating a thick or chunky texture.
4.  **Spoilage and Pathogens:** Beyond the lactic acid bacteria, opportunistic spoilage organisms and potentially harmful pathogens (such as *Salmonella*, *E. coli*, or *Listeria*) can grow to dangerous levels.
5.  **Odor:** The chemical breakdown of proteins and fats produces volatile compounds, resulting in an unpleasant, pungent smell.

**Conclusion:** The milk is no longer safe for consumption. Even if it does not smell or look spoiled, it may contain high levels of bacteria or toxins that cannot be eliminated by boiling. It should be discarded.",30,282,1.65
You are a precise technical assistant. Be factual and concise.,1.0,0.95,,Describe what happens when you leave a glass of milk out of the fridge overnight.,"When milk is left out of the refrigerator overnight (typically 8+ hours at room temperature), several biological and chemical processes occur:

1.  **Bacterial Proliferation:** Naturally occurring lactic acid bacteria (such as *Lactococcus* and *Lactobacillus*) rapidly multiply. These bacteria consume the lactose (milk sugar) in the milk and convert it into lactic acid.
2.  **Acidification:** As lactic acid levels rise, the pH of the milk drops. This increase in acidity alters the structure of the milk proteins (casein), causing them to denature and coagulate. This leads to curdling, where the milk separates into solid curds and liquid whey.
3.  **Spoilage and Odor:** The metabolic activity of these bacteria, along with the potential growth of other contaminating microbes, produces byproducts that cause a sour smell and a bitter or ""off"" taste.
4.  **Pathogen Risk:** While pasteurization kills most harmful bacteria, milk is a highly perishable, nutrient-rich medium. If left in the ""danger zone"" (40°F–140°F / 4°C–60°C), pathogens like *Bacillus cereus*, *Staphylococcus aureus*, or *E. coli* can multiply to dangerous levels, significantly increasing the risk of foodborne illness.

**Conclusion:** The milk will be sour, curdled, and unsafe for consumption. It should be discarded.",30,300,1.74
You are a helpful assistant.,1.0,0.5,,Describe what happens when you leave a glass of milk out of the fridge overnight.,"When you leave a glass of milk out of the fridge overnight, you are essentially creating a perfect laboratory for biological and chemical changes. Because milk is rich in proteins, sugars (lactose), and fats, it is an ideal breeding ground for microorganisms.

Here is a breakdown of what happens during those hours:

### 1. Bacterial Proliferation
Milk is not sterile. Even pasteurized milk contains small amounts of bacteria. When milk is refrigerated, these bacteria remain dormant or grow very slowly. However, once the milk reaches ""room temperature"" (the ""Danger Zone"" between 40°F and 140°F), bacteria begin to multiply exponentially. 

### 2. The Fermentation Process (Souring)
The primary bacteria involved are **Lactic Acid Bacteria** (such as *Lactococcus* and *Lactobacillus*). These bacteria consume the lactose (milk sugar) and convert it into **lactic acid**. 
*   **The Change in pH:** As the lactic acid builds up, the pH level of the milk drops, making it more acidic.
*   **The Smell:** This acidity is what gives spoiled milk its characteristic sharp, sour, or ""off"" odor.

### 3. Protein Denaturation (Curdling)
Milk contains a protein called **casein**. Under normal conditions, casein molecules are suspended in the milk. However, as the lactic acid increases the acidity of the milk, the environment changes to a point where the casein can no longer stay suspended. 
*   The proteins begin to clump together, or ""coagulate.""
*   This results in the separation of the milk into **curds** (the solid, chunky white bits) and **whey** (the thin, yellowish, translucent liquid).

### 4. Potential Pathogen Growth
While the lactic acid bacteria are generally responsible for the souring process, leaving milk out also creates an environment where harmful, food-borne pathogens—such as *Salmonella*, *E. coli*, or *Staphylococcus aureus*—can thrive if they were present in the milk. Unlike the lactic acid bacteria, these pathogens do not always produce a sour smell or visible curdling, meaning the milk could be dangerous to consume even if it doesn't look or smell ""that bad"" yet.

### 5. The Result by Morning
By the time you wake up, the milk will likely have undergone the following:
*   **Appearance:** It may look thicker, lumpy, or clearly separated into solids and liquids.
*   **Smell:** It will have a pungent, sour, or vinegary aroma.
*   **Taste:** It will be intensely acidic and unpleasant.

### The Verdict
**Do not drink it.** Even if the milk does not look or smell drastically different after only one night, it has spent several hours in the ""Danger Zone."" The bacterial load will be significantly higher than what is considered safe for human consumption. Consuming it carries a high risk of food poisoning, which can lead to nausea, vomiting, abdominal cramps, and diarrhea. 

**When in doubt, throw it out.**",24,650,3.08
You are a helpful assistant.,0.7,0.95,1,Describe what happens when you leave a glass of milk out of the fridge overnight.,"When you leave a glass of milk out of the fridge overnight, you are essentially creating a biological laboratory. Because milk is rich in proteins, sugars (lactose), and fats, it is the perfect breeding ground for bacteria.

Here is the step-by-step breakdown of what happens:

### 1. The Bacterial Explosion
Milk is not sterile. Even pasteurized milk contains small amounts of bacteria. When milk is refrigerated, these bacteria remain dormant or reproduce very slowly. Once the milk reaches ""room temperature"" (the ""Danger Zone"" between 40°F and 140°F), bacteria like *Lactobacillus* begin to multiply rapidly.

### 2. The Fermentation Process (Souring)
The bacteria begin to feed on the lactose (milk sugar). As they consume the lactose, they convert it into **lactic acid** as a byproduct. As the concentration of lactic acid increases, the pH level of the milk drops, making the milk acidic. This is what gives spoiled milk its characteristic sour, tangy smell and taste.

### 3. Protein Denaturation (Curdling)
The increase in acidity changes the environment for the milk proteins, specifically **casein**. Under normal conditions, casein proteins are suspended in the liquid. However, as the pH drops due to the lactic acid, the proteins lose their stability. They begin to clump together, turning the once-smooth liquid into a mixture of solid ""curds"" and watery ""whey.""

### 4. Visible and Olfactory Changes
By the time you wake up the next morning, you will likely notice several physical changes:
*   **Smell:** A sharp, pungent, or sour odor, which is the result of the bacteria releasing volatile organic compounds.
*   **Texture:** The milk will look chunky or lumpy (curdling).
*   **Appearance:** It may appear slightly yellowed or separated, rather than the opaque white of fresh milk.

### 5. The Health Risk
Even if the milk doesn't smell or look ""terrible"" yet, it is likely unsafe to drink. While *Lactobacillus* (which makes yogurt) is generally harmless, leaving milk out also encourages the growth of more dangerous pathogens like *Salmonella*, *E. coli*, or *Staphylococcus aureus*. These bacteria do not always produce a foul smell or taste, but they can cause severe food poisoning.

### The Verdict
**Do not drink it.** Once milk has been left out for more than two hours, it is officially considered unsafe by food safety standards. Putting it back in the fridge will not ""fix"" the milk; the bacteria are already there, and the chemical changes have already begun. The only place for that glass of milk is down the drain.",24,572,2.73
You are a whimsical creative writer who loves vivid imagery.,1.5,0.95,,Describe what happens when you leave a glass of milk out of the fridge overnight.,"Under the silver, ghost-light of the moon, the glass of milk begins its quiet, secret alchemy. 

At first, the liquid is a pool of smooth, porcelain stillness. But as the hours stretch into the velvet dark, the milk loses its chilly, crisp composure. It begins to harbor ambitions. The heat of the room coaxes the invisible creatures dwelling within—those tiny, slumbering bacteria—to wake up, stretch their microscopic limbs, and throw a jubilant, sprawling banquet.

By the time the witching hour arrives, the silky surface has begun to lose its mirror-like polish. A faint, waxy skin creeps across the top—a translucent veil like the fine tissue paper lining a grandmother’s jewelry box. It is the milk’s way of pulling a blanket up to its chin, tucking itself into a state of sour, curdled rest.

Deep within the glass, the transformation is a frantic waltz of chemistry. The sweet, uniform creaminess fractures. The proteins, once dancing in fluid harmony, begin to lock arms and huddle together in stubborn little clumps, turning from a liquid tide into a landscape of jagged, shifting curds. It sheds its sugary youth and dons a mantle of sharp, electric tang—the aggressive perfume of fermentation.

When the sun finally spills through the window and touches the glass, it no longer holds a cooling tonic. It holds a thickened, sour souvenir of the night’s work. The milk has ceased to be a drink and has become a living, breathing laboratory, shimmering with the heavy, stubborn weight of a transformation that can never, under any magic, be undone. 

It is no longer milk; it is a memory of cream, gone grumpy and stubborn in the humid dark.",29,360,2.25
